Workbook
Name Validatielijst: par!$A$10:$A$25

Sheet skema
A1: Uge | B1: Dag | C1: Emner | D1: Hold ? | H1: Hold ? | L1: Note
D2: SIEB | E2: MANY | F2: IANB | G2: DE | H2: SIEB | I2: MANY | J2: IANB | K2: DE
B3: Turistguide 1
B4: Spring Boot intro
A5: =+IF(WEEKDAY(B5)=2,(skema!B5-par!$B$5+par!$K$6)/7+1,"") -> 5 | B5: =+par!B4 -> 46048 | C5: Introduktion til semester og Spring Boot | L5: Mads væk denne uge
A6: =+IF(WEEKDAY(B6)=2,(skema!B6-par!$B$5+par!$K$6)/7+1,"") | B6: =+B5+IF(WEEKDAY(B5)=6,3,1) -> 46049 | C6: Spring Boot, Turistguide 1
A7: =+IF(WEEKDAY(B7)=2,(skema!B7-par!$B$5+par!$K$6)/7+1,"") | B7: =+B6+IF(WEEKDAY(B6)=6,3,1) -> 46050 | C7: Check-in/vejledning på Turistguide 1 | L7: Online
A8: =+IF(WEEKDAY(B8)=2,(skema!B8-par!$B$5+par!$K$6)/7+1,"") | B8: =+B7+IF(WEEKDAY(B7)=6,3,1) -> 46051 | C8: ITF: | G8: m
A9: =+IF(WEEKDAY(B9)=2,(skema!B9-par!$B$5+par!$K$6)/7+1,"") | B9: =+B8+IF(WEEKDAY(B8)=6,3,1) -> 46052 | C9: Spring Boot arkitektur + opgaver/konsolidering af Spring Boot
B10: HTML/CSS
A11: =+IF(WEEKDAY(B11)=2,(skema!B11-par!$B$5+par!$K$6)/7+1,"") -> 6 | B11: =+B9+IF(WEEKDAY(B9)=6,3,1) -> 46055 | C11: HTML & CSS
A12: =+IF(WEEKDAY(B12)=2,(skema!B12-par!$B$5+par!$K$6)/7+1,"") | B12: =+B11+IF(WEEKDAY(B11)=6,3,1) -> 46056 | C12: Java Collections, Map | L12: repetition af unittest
A13: =+IF(WEEKDAY(B13)=2,(skema!B13-par!$B$5+par!$K$6)/7+1,"") | B13: =+B12+IF(WEEKDAY(B12)=6,3,1) -> 46057 | C13: Check-in/vejledning på Turistguide 1 | L13: Aflevering af Turistguide 1 kl 17.00
A14: =+IF(WEEKDAY(B14)=2,(skema!B14-par!$B$5+par!$K$6)/7+1,"") | B14: =+B13+IF(WEEKDAY(B13)=6,3,1) -> 46058 | C14: ITF: | G14: m
A15: =+IF(WEEKDAY(B15)=2,(skema!B15-par!$B$5+par!$K$6)/7+1,"") | B15: =+B14+IF(WEEKDAY(B14)=6,3,1) -> 46059 | C15: Feedback Turistguide 1
B16: Turistguide 2
B17: Spring Boot arkitektur, Thymeleaf
A18: =+IF(WEEKDAY(B18)=2,(skema!B18-par!$B$5+par!$K$6)/7+1,"") -> 7 | B18: =+B15+IF(WEEKDAY(B15)=6,3,1) -> 46062 | C18: Introduktion til ThymeLeaf | L18: Model
A19: =+IF(WEEKDAY(B19)=2,(skema!B19-par!$B$5+par!$K$6)/7+1,"") | B19: =+B18+IF(WEEKDAY(B18)=6,3,1) -> 46063 | C19: ThymeLeaf, HTML forms & Thymeleaf, Turistguide 2 | L19: ModelAttribute
A20: =+IF(WEEKDAY(B20)=2,(skema!B20-par!$B$5+par!$K$6)/7+1,"") | B20: =+B19+IF(WEEKDAY(B19)=6,3,1) -> 46064 | C20: Check-in/vejledning på Turistguide 2 | L20: Online
A21: =+IF(WEEKDAY(B21)=2,(skema!B21-par!$B$5+par!$K$6)/7+1,"") | B21: =+B20+IF(WEEKDAY(B20)=6,3,1) -> 46065 | C21: ITF: | G21: m
A22: =+IF(WEEKDAY(B22)=2,(skema!B22-par!$B$5+par!$K$6)/7+1,"") | B22: =+B21+IF(WEEKDAY(B21)=6,3,1) -> 46066 | C22: MockMVC og test af Controller
B23: Git og kodekvalitet
A24: =+IF(WEEKDAY(B24)=2,(skema!B24-par!$B$5+par!$K$6)/7+1,"") -> 8 | B24: =+B22+IF(WEEKDAY(B22)=6,3,1) -> 46069 | C24: Operativsystemer, command shell & Git Bash
A25: =+IF(WEEKDAY(B25)=2,(skema!B25-par!$B$5+par!$K$6)/7+1,"") | B25: =+B24+IF(WEEKDAY(B24)=6,3,1) -> 46070 | C25: Kode review med pull requests
A26: =+IF(WEEKDAY(B26)=2,(skema!B26-par!$B$5+par!$K$6)/7+1,"") | B26: =+B25+IF(WEEKDAY(B25)=6,3,1) -> 46071 | C26: Check-in/vejledning på Turistguide 2 | L26: Online
A27: =+IF(WEEKDAY(B27)=2,(skema!B27-par!$B$5+par!$K$6)/7+1,"") | B27: =+B26+IF(WEEKDAY(B26)=6,3,1) -> 46072 | C27: ITF: | G27: m
A28: =+IF(WEEKDAY(B28)=2,(skema!B28-par!$B$5+par!$K$6)/7+1,"") | B28: =+B27+IF(WEEKDAY(B27)=6,3,1) -> 46073 | C28: Statisk kodeanalyse med tools
B29: DevOps, CI/CD
A30: =+IF(WEEKDAY(B30)=2,(skema!B30-par!$B$5+par!$K$6)/7+1,"") -> 9 | B30: =+B28+IF(WEEKDAY(B28)=6,3,1) -> 46076 | C30: GitHub Actions 1
A31: =+IF(WEEKDAY(B31)=2,(skema!B31-par!$B$5+par!$K$6)/7+1,"") | B31: =+B30+IF(WEEKDAY(B30)=6,3,1) -> 46077 | C31: GitHub Actions 2
A32: =+IF(WEEKDAY(B32)=2,(skema!B32-par!$B$5+par!$K$6)/7+1,"") | B32: =+B31+IF(WEEKDAY(B31)=6,3,1) -> 46078 | C32: Check-in/vejledning på Turistguide 2 | L32: Online Aflevering Turistguide 2
A33: =+IF(WEEKDAY(B33)=2,(skema!B33-par!$B$5+par!$K$6)/7+1,"") | B33: =+B32+IF(WEEKDAY(B32)=6,3,1) -> 46079 | C33: ITF: | G33: m
A34: =+IF(WEEKDAY(B34)=2,(skema!B34-par!$B$5+par!$K$6)/7+1,"") | B34: =+B33+IF(WEEKDAY(B33)=6,3,1) -> 46080 | C34: Feedback og review af Turistguide 2
B35: Turistguide 3
B36: Databaser, SQL, E/R modellering
A37: =+IF(WEEKDAY(B37)=2,(skema!B37-par!$B$5+par!$K$6)/7+1,"") -> 10 | B37: =+B34+IF(WEEKDAY(B34)=6,3,1) -> 46083 | C37: E/R model og relationel model | L37: TO DO!! Hele ugen skal redesignes
A38: =+IF(WEEKDAY(B38)=2,(skema!B38-par!$B$5+par!$K$6)/7+1,"") | B38: =+B37+IF(WEEKDAY(B37)=6,3,1) -> 46084 | C38: Introduktion til SQL og DDL
A39: =+IF(WEEKDAY(B39)=2,(skema!B39-par!$B$5+par!$K$6)/7+1,"") | B39: =+B38+IF(WEEKDAY(B38)=6,3,1) -> 46085 | C39: SQL 2 | L39: Online (SQL opgaver)
A40: =+IF(WEEKDAY(B40)=2,(skema!B40-par!$B$5+par!$K$6)/7+1,"") | B40: =+B39+IF(WEEKDAY(B39)=6,3,1) -> 46086 | C40: ITF: | G40: m
A41: =+IF(WEEKDAY(B41)=2,(skema!B41-par!$B$5+par!$K$6)/7+1,"") | B41: =+B40+IF(WEEKDAY(B40)=6,3,1) -> 46087 | C41: Normalisering, SQL joins
B42: Jdbc, databaseintegration i Spring Boot, database deployment
A43: =+IF(WEEKDAY(B43)=2,(skema!B43-par!$B$5+par!$K$6)/7+1,"") -> 11 | B43: =+B41+IF(WEEKDAY(B41)=6,3,1) -> 46090 | C43: JDBCtemplate og Spring 1, Turistguide del 3
A44: =+IF(WEEKDAY(B44)=2,(skema!B44-par!$B$5+par!$K$6)/7+1,"") | B44: =+B43+IF(WEEKDAY(B43)=6,3,1) -> 46091 | C44: JDBCtemplate og Spring 2, functional interfaces | L44: inkl. functional interfaces
A45: =+IF(WEEKDAY(B45)=2,(skema!B45-par!$B$5+par!$K$6)/7+1,"") | B45: =+B44+IF(WEEKDAY(B44)=6,3,1) -> 46092 | C45: Azure deployment | L45: Samlæst for de to hold
A46: =+IF(WEEKDAY(B46)=2,(skema!B46-par!$B$5+par!$K$6)/7+1,"") | B46: =+B45+IF(WEEKDAY(B45)=6,3,1) -> 46093 | C46: ITF: | G46: m
A47: =+IF(WEEKDAY(B47)=2,(skema!B47-par!$B$5+par!$K$6)/7+1,"") | B47: =+B46+IF(WEEKDAY(B46)=6,3,1) -> 46094 | C47: Database deployment
B48: Testbar kode med lav kobling
A49: =+IF(WEEKDAY(B49)=2,(skema!B49-par!$B$5+par!$K$6)/7+1,"") -> 12 | B49: =+B47+IF(WEEKDAY(B47)=6,3,1) -> 46097 | C49: Integrationstest med H2 database
A50: =+IF(WEEKDAY(B50)=2,(skema!B50-par!$B$5+par!$K$6)/7+1,"") | B50: =+B49+IF(WEEKDAY(B49)=6,3,1) -> 46098 | C50: Vejledning turistguide 3
A51: =+IF(WEEKDAY(B51)=2,(skema!B51-par!$B$5+par!$K$6)/7+1,"") | B51: =+B50+IF(WEEKDAY(B50)=6,3,1) -> 46099 | C51: Check-in/vejledning på Turistguide 3 | L51: Online
A52: =+IF(WEEKDAY(B52)=2,(skema!B52-par!$B$5+par!$K$6)/7+1,"") | B52: =+B51+IF(WEEKDAY(B51)=6,3,1) -> 46100 | C52: ITF: | G52: m
A53: =+IF(WEEKDAY(B53)=2,(skema!B53-par!$B$5+par!$K$6)/7+1,"") | B53: =+B52+IF(WEEKDAY(B52)=6,3,1) -> 46101 | C53: Vejledning turistguide 3 | L53: H2 skal være på plads
B54: Testbar kode med lav kobling, sessions
A55: =+IF(WEEKDAY(B55)=2,(skema!B55-par!$B$5+par!$K$6)/7+1,"") -> 13 | B55: =+B53+IF(WEEKDAY(B53)=6,3,1) -> 46104 | C55: Fejlhåndtering i Spring Boot
A56: =+IF(WEEKDAY(B56)=2,(skema!B56-par!$B$5+par!$K$6)/7+1,"") | B56: =+B55+IF(WEEKDAY(B55)=6,3,1) -> 46105 | C56: Sessions | L56: Evaluering
A57: =+IF(WEEKDAY(B57)=2,(skema!B57-par!$B$5+par!$K$6)/7+1,"") | B57: =+B56+IF(WEEKDAY(B56)=6,3,1) -> 46106 | C57: UNDERVISNINGFRI (Digital udviklingsdag) | L57: Aflevering af Turistguide 3
A58: =+IF(WEEKDAY(B58)=2,(skema!B58-par!$B$5+par!$K$6)/7+1,"") | B58: =+B57+IF(WEEKDAY(B57)=6,3,1) -> 46107 | C58: Databasetransaktioner
A59: =+IF(WEEKDAY(B59)=2,(skema!B59-par!$B$5+par!$K$6)/7+1,"") | B59: =+B58+IF(WEEKDAY(B58)=6,3,1) -> 46108 | C59: Turistguide del 3 - feedback
B60: PÅSKEFERIE
A61: 14 | B61: Undervisningsfri
A62: =+IF(WEEKDAY(B62)=2,(skema!B62-par!$B$5+par!$K$6)/7+1,"") -> 14 | B62: =+B59+IF(WEEKDAY(B53)=6,3,1) -> 46111 | C62: Undervisningsfri
A63: =+IF(WEEKDAY(B63)=2,(skema!B63-par!$B$5+par!$K$6)/7+1,"") | B63: =+B62+IF(WEEKDAY(B62)=6,3,1) -> 46112 | C63: Undervisningsfri
A64: =+IF(WEEKDAY(B64)=2,(skema!B64-par!$B$5+par!$K$6)/7+1,"") | B64: =+B63+IF(WEEKDAY(B63)=6,3,1) -> 46113 | C64: Undervisningsfri
A65: =+IF(WEEKDAY(B65)=2,(skema!B65-par!$B$5+par!$K$6)/7+1,"") | B65: =+B64+IF(WEEKDAY(B64)=6,3,1) -> 46114 | C65: Undervisningsfri
A66: =+IF(WEEKDAY(B66)=2,(skema!B66-par!$B$5+par!$K$6)/7+1,"") | B66: =+B65+IF(WEEKDAY(B65)=6,3,1) -> 46115 | C66: Undervisningsfri
B67: Miniprojekt
B68: UX/UI, GitHub Projects
A69: =+IF(WEEKDAY(B69)=2,(skema!B69-par!$B$5+par!$K$6)/7+1,"") -> 15 | B69: =+B66+IF(WEEKDAY(B66)=6,3,1) -> 46118 | C69: Undervisningsfri (2. påskedag)
A70: =+IF(WEEKDAY(B70)=2,(skema!B70-par!$B$5+par!$K$6)/7+1,"") | B70: =+B69+IF(WEEKDAY(B69)=6,3,1) -> 46119 | C70: User interface design
A71: =+IF(WEEKDAY(B71)=2,(skema!B71-par!$B$5+par!$K$6)/7+1,"") | B71: =+B70+IF(WEEKDAY(B70)=6,3,1) -> 46120 | C71: Kickoff - Wishlist-projekt & GitHub Projects + evaluering | L71: Samlæst
A72: =+IF(WEEKDAY(B72)=2,(skema!B72-par!$B$5+par!$K$6)/7+1,"") | B72: =+B71+IF(WEEKDAY(B71)=6,3,1) -> 46121 | C72: ITF: Wishlist PO - møde | G72: m
A73: =+IF(WEEKDAY(B73)=2,(skema!B73-par!$B$5+par!$K$6)/7+1,"") | B73: =+B72+IF(WEEKDAY(B72)=6,3,1) -> 46122 | C73: Wishlist - projektvejledning
B74: Projektarbejde
A75: =+IF(WEEKDAY(B75)=2,(skema!B75-par!$B$5+par!$K$6)/7+1,"") -> 16 | B75: =+B73+IF(WEEKDAY(B73)=6,3,1) -> 46125 | C75: HTML & CSS udvidet | L75: ?
A76: =+IF(WEEKDAY(B76)=2,(skema!B76-par!$B$5+par!$K$6)/7+1,"") | B76: =+B75+IF(WEEKDAY(B75)=6,3,1) -> 46126 | C76: Wishlist - projektvejledning
A77: =+IF(WEEKDAY(B77)=2,(skema!B77-par!$B$5+par!$K$6)/7+1,"") | B77: =+B76+IF(WEEKDAY(B76)=6,3,1) -> 46127 | C77: Check-in/vejledning på Wishlist | L77: Online
A78: =+IF(WEEKDAY(B78)=2,(skema!B78-par!$B$5+par!$K$6)/7+1,"") | B78: =+B77+IF(WEEKDAY(B77)=6,3,1) -> 46128 | C78: ITF: projektvejledning | G78: m
A79: =+IF(WEEKDAY(B79)=2,(skema!B79-par!$B$5+par!$K$6)/7+1,"") | B79: =+B78+IF(WEEKDAY(B78)=6,3,1) -> 46129 | C79: Wishlist - projektvejledning
B80: Projektarbejde
A81: =+IF(WEEKDAY(B81)=2,(skema!B81-par!$B$5+par!$K$6)/7+1,"") -> 17 | B81: =+B79+IF(WEEKDAY(B79)=6,3,1) -> 46132 | C81: Readme og contribute
A82: =+IF(WEEKDAY(B82)=2,(skema!B82-par!$B$5+par!$K$6)/7+1,"") | B82: =+B81+IF(WEEKDAY(B81)=6,3,1) -> 46133 | C82: Usability test
A83: =+IF(WEEKDAY(B83)=2,(skema!B83-par!$B$5+par!$K$6)/7+1,"") | B83: =+B82+IF(WEEKDAY(B82)=6,3,1) -> 46134 | C83: Wishlist - projektvejledning | L83: Online Aflevering af miniprojekt
A84: =+IF(WEEKDAY(B84)=2,(skema!B84-par!$B$5+par!$K$6)/7+1,"") | B84: =+B83+IF(WEEKDAY(B83)=6,3,1) -> 46135 | C84: ITF: Fremlæggelse | G84: m
A85: =+IF(WEEKDAY(B85)=2,(skema!B85-par!$B$5+par!$K$6)/7+1,"") | B85: =+B84+IF(WEEKDAY(B84)=6,3,1) -> 46136 | C85: Afslutning Wishlist-projekt: eksamenstræning & retrospective | L85: Igangsæt gruppedannelse til eksamensprojkekt
B86: Eksamensprojekt
B87: Projektstart
A88: =+IF(WEEKDAY(B88)=2,(skema!B88-par!$B$5+par!$K$6)/7+1,"") -> 18 | B88: =+B85+IF(WEEKDAY(B85)=6,3,1) -> 46139 | C88: Wishlist projekt feedback fortsat (eksamenstræning) | L88: Mandag eftermiddag: deadline for gruppedannelse eksamensprojekt
A89: =+IF(WEEKDAY(B89)=2,(skema!B89-par!$B$5+par!$K$6)/7+1,"") | B89: =+B88+IF(WEEKDAY(B88)=6,3,1) -> 46140 | C89: Repetition
A90: =+IF(WEEKDAY(B90)=2,(skema!B90-par!$B$5+par!$K$6)/7+1,"") | B90: =+B89+IF(WEEKDAY(B89)=6,3,1) -> 46141 | C90: Præsentation af eksamensprojekt (Sprint 0) | L90: Samlæst, med præsentation fra AlphaSolutions
A91: =+IF(WEEKDAY(B91)=2,(skema!B91-par!$B$5+par!$K$6)/7+1,"") | B91: =+B90+IF(WEEKDAY(B90)=6,3,1) -> 46142 | C91: ITF: PO-møde | G91: m
A92: =+IF(WEEKDAY(B92)=2,(skema!B92-par!$B$5+par!$K$6)/7+1,"") | B92: =+B91+IF(WEEKDAY(B91)=6,3,1) -> 46143 | C92: Eksamensprojekt - sprint 1
B93: Projektarbejde
A94: =+IF(WEEKDAY(B94)=2,(skema!B94-par!$B$5+par!$K$6)/7+1,"") -> 19 | B94: =+B92+IF(WEEKDAY(B92)=6,3,1) -> 46146 | C94: Rapport, præsentation, eksamination
A95: =+IF(WEEKDAY(B95)=2,(skema!B95-par!$B$5+par!$K$6)/7+1,"") | B95: =+B94+IF(WEEKDAY(B94)=6,3,1) -> 46147 | C95: ITF: projektvejledning | G95: m
A96: =+IF(WEEKDAY(B96)=2,(skema!B96-par!$B$5+par!$K$6)/7+1,"") | B96: =+B95+IF(WEEKDAY(B95)=6,3,1) -> 46148 | C96: Eksamensprojekt - statusmøde | L96: Online
A97: =+IF(WEEKDAY(B97)=2,(skema!B97-par!$B$5+par!$K$6)/7+1,"") | B97: =+B96+IF(WEEKDAY(B96)=6,3,1) -> 46149 | C97: ITF: PO-møde | G97: m
A98: =+IF(WEEKDAY(B98)=2,(skema!B98-par!$B$5+par!$K$6)/7+1,"") | B98: =+B97+IF(WEEKDAY(B97)=6,3,1) -> 46150 | C98: Eksamensprojekt - sprint 1
B99: Projektarbejde
A100: =+IF(WEEKDAY(B100)=2,(skema!B100-par!$B$5+par!$K$6)/7+1,"") -> 20 | B100: =+B98+IF(WEEKDAY(B98)=6,3,1) -> 46153 | C100: Eksamensprojekt - sprint 1
...

Sheet par
A1: parameters | D1: Hold F25A | H1: Hold F25B | I1: determination weeknumber
H2: =+VLOOKUP(WEEKDAY(B5),I3:K9,3) -> 3 | I2: jan 1st | J2: day | K2: conversion
I3: 1 | J3: Sunday | K3: -1
A4: startdate | B4: 46048 | I4: 2 | J4: Monday | K4: 0
B5: 46023 | I5: 3 | J5: Tuesday | K5: 1
I6: 4 | J6: Wednesday | K6: 3
D7: m | I7: 5 | J7: Thursday | K7: 3
I8: 6 | J8: Friday | K8: -3
A9: program | D9: e | I9: 7 | J9: Saturday | K9: -2
I11: =+COUNTIF(skema!D4:K122,"m ")+COUNTIF(skema!D4:K122,"e ") -> 0 | J11: =+IF(I11=0,"",CONCATENATE(I11," cells in columns D to K contain spaces! "))
D12: e | J12: =+IF(I11=0,"","Remove spaces to obtain correct totals. ")
D13: m
D18: e | P18: Tourist Guide 1
D19: m | O19: 6 | P19: Spring Boot intro, HTML/CSS
O20: 7 | P20: Spring Boot arkitektur, Thymeleaf, bash
E21: =+Sheet3!C9 -> 0 | P21: Tourist Guide 2
O22: 8 | P22: Kodekvalitet
O23: 9 | P23: Devops, CI/CD
P24: Tourist Guide 3
D25: e | O25: 10 | P25: Databaser, SQL, E/R modellering
O26: 11 | P26: Jdbc, databaseintegration i Spring Boot, database deployment
O27: 12 | P27: Testbar kode med lav kobling, interfaces, sessions
P28: Miniprojekt
O29: 13 | P29: UX/UI, GitHub Projects
O30: 14 | P30: Transaktioner, error handling
D31: e | O31: 15 | P31: Projektarbejde
P32: EFTERÅRSFERIE
D33: m | O33: 16 | P33: Undervisningsfri
P34: Eksamensprojekt
O35: 17 | P35: Review, markdown, readme og contribute
O36: 18 | P36: Projektarbejde
O37: 19 | P37: Projektarbejde
O38: 20 | P38: Projektarbejde
O39: 21 | P39: Projektarbejde
D40: m | O40: 22 | P40: Projektarbejde
D44: e
D46: m
D48: e
D57: e
D60: m
D67: e
D69: e
D89: e
D99: e
D101: e
D107: e

Sheet many
A1: Uge | B1: Dag | C1: Emner | D1: Hold ? | H1: Hold ? | L1: Note
D2: SIEB | E2: MANY | F2: IANB | G2: DE | H2: SIEB | I2: MANY | J2: IANB | K2: DE
B3: Turistguide 1
B4: Spring Boot intro
A5: =+IF(WEEKDAY(B5)=2,(many!B5-par!$B$5+par!$K$6)/7+1,"") -> 5 | B5: =+par!B4 -> 46048 | C5: Introduktion til semester og Spring Boot | L5: Mads væk denne uge
A6: =+IF(WEEKDAY(B6)=2,(many!B6-par!$B$5+par!$K$6)/7+1,"") | B6: =+B5+IF(WEEKDAY(B5)=6,3,1) -> 46049 | C6: Spring Boot, Turistguide 1
A7: =+IF(WEEKDAY(B7)=2,(many!B7-par!$B$5+par!$K$6)/7+1,"") | B7: =+B6+IF(WEEKDAY(B6)=6,3,1) -> 46050 | C7: Check-in/vejledning på Turistguide 1 | L7: Online
A8: =+IF(WEEKDAY(B8)=2,(many!B8-par!$B$5+par!$K$6)/7+1,"") | B8: =+B7+IF(WEEKDAY(B7)=6,3,1) -> 46051 | C8: ITF: | G8: m
A9: =+IF(WEEKDAY(B9)=2,(many!B9-par!$B$5+par!$K$6)/7+1,"") | B9: =+B8+IF(WEEKDAY(B8)=6,3,1) -> 46052 | C9: Spring Boot arkitektur + opgaver/konsolidering af Spring Boot
B10: HTML/CSS
A11: =+IF(WEEKDAY(B11)=2,(many!B11-par!$B$5+par!$K$6)/7+1,"") -> 6 | B11: =+B9+IF(WEEKDAY(B9)=6,3,1) -> 46055 | C11: HTML & CSS | E11: x | I11: x
A12: =+IF(WEEKDAY(B12)=2,(many!B12-par!$B$5+par!$K$6)/7+1,"") | B12: =+B11+IF(WEEKDAY(B11)=6,3,1) -> 46056 | C12: Java Collections, Map | L12: repetition af unittest
A13: =+IF(WEEKDAY(B13)=2,(many!B13-par!$B$5+par!$K$6)/7+1,"") | B13: =+B12+IF(WEEKDAY(B12)=6,3,1) -> 46057 | C13: Check-in/vejledning på Turistguide 1 | I13: x | L13: Aflevering af Turistguide 1 kl 17.00
A14: =+IF(WEEKDAY(B14)=2,(many!B14-par!$B$5+par!$K$6)/7+1,"") | B14: =+B13+IF(WEEKDAY(B13)=6,3,1) -> 46058 | C14: ITF: | G14: m
A15: =+IF(WEEKDAY(B15)=2,(many!B15-par!$B$5+par!$K$6)/7+1,"") | B15: =+B14+IF(WEEKDAY(B14)=6,3,1) -> 46059 | C15: Feedback Turistguide 1
B16: Turistguide 2
B17: Spring Boot arkitektur, Thymeleaf
A18: =+IF(WEEKDAY(B18)=2,(many!B18-par!$B$5+par!$K$6)/7+1,"") -> 7 | B18: =+B15+IF(WEEKDAY(B15)=6,3,1) -> 46062 | C18: Introduktion til ThymeLeaf | L18: Model
A19: =+IF(WEEKDAY(B19)=2,(many!B19-par!$B$5+par!$K$6)/7+1,"") | B19: =+B18+IF(WEEKDAY(B18)=6,3,1) -> 46063 | C19: ThymeLeaf, HTML forms & Thymeleaf, Turistguide 2 | L19: ModelAttribute
A20: =+IF(WEEKDAY(B20)=2,(many!B20-par!$B$5+par!$K$6)/7+1,"") | B20: =+B19+IF(WEEKDAY(B19)=6,3,1) -> 46064 | C20: Check-in/vejledning på Turistguide 2 | I20: x | L20: Online
A21: =+IF(WEEKDAY(B21)=2,(many!B21-par!$B$5+par!$K$6)/7+1,"") | B21: =+B20+IF(WEEKDAY(B20)=6,3,1) -> 46065 | C21: ITF: | G21: m
A22: =+IF(WEEKDAY(B22)=2,(many!B22-par!$B$5+par!$K$6)/7+1,"") | B22: =+B21+IF(WEEKDAY(B21)=6,3,1) -> 46066 | C22: MockMVC og test af Controller
B23: Git og kodekvalitet
A24: =+IF(WEEKDAY(B24)=2,(many!B24-par!$B$5+par!$K$6)/7+1,"") -> 8 | B24: =+B22+IF(WEEKDAY(B22)=6,3,1) -> 46069 | C24: Operativsystemer, command shell & Git Bash | E24: x | I24: x
A25: =+IF(WEEKDAY(B25)=2,(many!B25-par!$B$5+par!$K$6)/7+1,"") | B25: =+B24+IF(WEEKDAY(B24)=6,3,1) -> 46070 | C25: Kode review med pull requests
A26: =+IF(WEEKDAY(B26)=2,(many!B26-par!$B$5+par!$K$6)/7+1,"") | B26: =+B25+IF(WEEKDAY(B25)=6,3,1) -> 46071 | C26: Check-in/vejledning på Turistguide 2 | I26: x | L26: Online
A27: =+IF(WEEKDAY(B27)=2,(many!B27-par!$B$5+par!$K$6)/7+1,"") | B27: =+B26+IF(WEEKDAY(B26)=6,3,1) -> 46072 | C27: ITF: | G27: m
A28: =+IF(WEEKDAY(B28)=2,(many!B28-par!$B$5+par!$K$6)/7+1,"") | B28: =+B27+IF(WEEKDAY(B27)=6,3,1) -> 46073 | C28: Statisk kodeanalyse med tools
B29: DevOps, CI/CD
A30: =+IF(WEEKDAY(B30)=2,(many!B30-par!$B$5+par!$K$6)/7+1,"") -> 9 | B30: =+B28+IF(WEEKDAY(B28)=6,3,1) -> 46076 | C30: GitHub Actions 1 | E30: x | I30: x
A31: =+IF(WEEKDAY(B31)=2,(many!B31-par!$B$5+par!$K$6)/7+1,"") | B31: =+B30+IF(WEEKDAY(B30)=6,3,1) -> 46077 | C31: GitHub Actions 2 | E31: x | I31: x
A32: =+IF(WEEKDAY(B32)=2,(many!B32-par!$B$5+par!$K$6)/7+1,"") | B32: =+B31+IF(WEEKDAY(B31)=6,3,1) -> 46078 | C32: Check-in/vejledning på Turistguide 2 | I32: x | L32: Online Aflevering Turistguide 2
A33: =+IF(WEEKDAY(B33)=2,(many!B33-par!$B$5+par!$K$6)/7+1,"") | B33: =+B32+IF(WEEKDAY(B32)=6,3,1) -> 46079 | C33: ITF: | G33: m
A34: =+IF(WEEKDAY(B34)=2,(many!B34-par!$B$5+par!$K$6)/7+1,"") | B34: =+B33+IF(WEEKDAY(B33)=6,3,1) -> 46080 | C34: Feedback og review af Turistguide 2
B35: Turistguide 3
B36: Databaser, SQL, E/R modellering
A37: =+IF(WEEKDAY(B37)=2,(many!B37-par!$B$5+par!$K$6)/7+1,"") -> 10 | B37: =+B34+IF(WEEKDAY(B34)=6,3,1) -> 46083 | C37: E/R model og relationel model | E37: x | I37: x | L37: TO DO!! Hele ugen skal redesignes
A38: =+IF(WEEKDAY(B38)=2,(many!B38-par!$B$5+par!$K$6)/7+1,"") | B38: =+B37+IF(WEEKDAY(B37)=6,3,1) -> 46084 | C38: Introduktion til SQL og DDL
A39: =+IF(WEEKDAY(B39)=2,(many!B39-par!$B$5+par!$K$6)/7+1,"") | B39: =+B38+IF(WEEKDAY(B38)=6,3,1) -> 46085 | C39: SQL 2 | L39: Online (SQL opgaver)
A40: =+IF(WEEKDAY(B40)=2,(many!B40-par!$B$5+par!$K$6)/7+1,"") | B40: =+B39+IF(WEEKDAY(B39)=6,3,1) -> 46086 | C40: ITF: | G40: m
A41: =+IF(WEEKDAY(B41)=2,(many!B41-par!$B$5+par!$K$6)/7+1,"") | B41: =+B40+IF(WEEKDAY(B40)=6,3,1) -> 46087 | C41: Normalisering, SQL joins
B42: Jdbc, databaseintegration i Spring Boot, database deployment
A43: =+IF(WEEKDAY(B43)=2,(many!B43-par!$B$5+par!$K$6)/7+1,"") -> 11 | B43: =+B41+IF(WEEKDAY(B41)=6,3,1) -> 46090 | C43: JDBCtemplate og Spring 1, Turistguide del 3
A44: =+IF(WEEKDAY(B44)=2,(many!B44-par!$B$5+par!$K$6)/7+1,"") | B44: =+B43+IF(WEEKDAY(B43)=6,3,1) -> 46091 | C44: JDBCtemplate og Spring 2, functional interfaces | L44: inkl. functional interfaces
A45: =+IF(WEEKDAY(B45)=2,(many!B45-par!$B$5+par!$K$6)/7+1,"") | B45: =+B44+IF(WEEKDAY(B44)=6,3,1) -> 46092 | C45: Azure deployment | E45: x | I45: x | L45: Samlæst for de to hold
A46: =+IF(WEEKDAY(B46)=2,(many!B46-par!$B$5+par!$K$6)/7+1,"") | B46: =+B45+IF(WEEKDAY(B45)=6,3,1) -> 46093 | C46: ITF: | G46: m
A47: =+IF(WEEKDAY(B47)=2,(many!B47-par!$B$5+par!$K$6)/7+1,"") | B47: =+B46+IF(WEEKDAY(B46)=6,3,1) -> 46094 | C47: Database deployment
B48: Testbar kode med lav kobling
A49: =+IF(WEEKDAY(B49)=2,(many!B49-par!$B$5+par!$K$6)/7+1,"") -> 12 | B49: =+B47+IF(WEEKDAY(B47)=6,3,1) -> 46097 | C49: Integrationstest med H2 database | E49: x | I49: x
A50: =+IF(WEEKDAY(B50)=2,(many!B50-par!$B$5+par!$K$6)/7+1,"") | B50: =+B49+IF(WEEKDAY(B49)=6,3,1) -> 46098 | C50: Vejledning turistguide 3
A51: =+IF(WEEKDAY(B51)=2,(many!B51-par!$B$5+par!$K$6)/7+1,"") | B51: =+B50+IF(WEEKDAY(B50)=6,3,1) -> 46099 | C51: Check-in/vejledning på Turistguide 3 | I51: x | L51: Online
A52: =+IF(WEEKDAY(B52)=2,(many!B52-par!$B$5+par!$K$6)/7+1,"") | B52: =+B51+IF(WEEKDAY(B51)=6,3,1) -> 46100 | C52: ITF: | G52: m
A53: =+IF(WEEKDAY(B53)=2,(many!B53-par!$B$5+par!$K$6)/7+1,"") | B53: =+B52+IF(WEEKDAY(B52)=6,3,1) -> 46101 | C53: Vejledning turistguide 3 | L53: H2 skal være på plads
B54: Testbar kode med lav kobling, sessions
A55: =+IF(WEEKDAY(B55)=2,(many!B55-par!$B$5+par!$K$6)/7+1,"") -> 13 | B55: =+B53+IF(WEEKDAY(B53)=6,3,1) -> 46104 | C55: Fejlhåndtering i Spring Boot | E55: x | I55: x
A56: =+IF(WEEKDAY(B56)=2,(many!B56-par!$B$5+par!$K$6)/7+1,"") | B56: =+B55+IF(WEEKDAY(B55)=6,3,1) -> 46105 | C56: Sessions
A57: =+IF(WEEKDAY(B57)=2,(many!B57-par!$B$5+par!$K$6)/7+1,"") | B57: =+B56+IF(WEEKDAY(B56)=6,3,1) -> 46106 | C57: UNDERVISNINGFRI (Digital udviklingsdag) | L57: Aflevering af Turistguide 3
A58: =+IF(WEEKDAY(B58)=2,(many!B58-par!$B$5+par!$K$6)/7+1,"") | B58: =+B57+IF(WEEKDAY(B57)=6,3,1) -> 46107 | C58: Databasetransaktioner | E58: x | I58: x
A59: =+IF(WEEKDAY(B59)=2,(many!B59-par!$B$5+par!$K$6)/7+1,"") | B59: =+B58+IF(WEEKDAY(B58)=6,3,1) -> 46108 | C59: Turistguide del 3 - feedback
B60: PÅSKEFERIE
A61: 14 | B61: Undervisningsfri
A62: =+IF(WEEKDAY(B62)=2,(many!B62-par!$B$5+par!$K$6)/7+1,"") -> 14 | B62: =+B59+IF(WEEKDAY(B53)=6,3,1) -> 46111 | C62: Undervisningsfri
A63: =+IF(WEEKDAY(B63)=2,(many!B63-par!$B$5+par!$K$6)/7+1,"") | B63: =+B62+IF(WEEKDAY(B62)=6,3,1) -> 46112 | C63: Undervisningsfri
A64: =+IF(WEEKDAY(B64)=2,(many!B64-par!$B$5+par!$K$6)/7+1,"") | B64: =+B63+IF(WEEKDAY(B63)=6,3,1) -> 46113 | C64: Undervisningsfri
A65: =+IF(WEEKDAY(B65)=2,(many!B65-par!$B$5+par!$K$6)/7+1,"") | B65: =+B64+IF(WEEKDAY(B64)=6,3,1) -> 46114 | C65: Undervisningsfri
A66: =+IF(WEEKDAY(B66)=2,(many!B66-par!$B$5+par!$K$6)/7+1,"") | B66: =+B65+IF(WEEKDAY(B65)=6,3,1) -> 46115 | C66: Undervisningsfri
B67: Miniprojekt
B68: UX/UI, GitHub Projects
A69: =+IF(WEEKDAY(B69)=2,(many!B69-par!$B$5+par!$K$6)/7+1,"") -> 15 | B69: =+B66+IF(WEEKDAY(B66)=6,3,1) -> 46118 | C69: Undervisningsfri (2. påskedag)
A70: =+IF(WEEKDAY(B70)=2,(many!B70-par!$B$5+par!$K$6)/7+1,"") | B70: =+B69+IF(WEEKDAY(B69)=6,3,1) -> 46119 | C70: User interface design
A71: =+IF(WEEKDAY(B71)=2,(many!B71-par!$B$5+par!$K$6)/7+1,"") | B71: =+B70+IF(WEEKDAY(B70)=6,3,1) -> 46120 | C71: Kickoff - Wishlist-projekt & GitHub Projects + evaluering | E71: x | I71: x | L71: samlæst fysisk
A72: =+IF(WEEKDAY(B72)=2,(many!B72-par!$B$5+par!$K$6)/7+1,"") | B72: =+B71+IF(WEEKDAY(B71)=6,3,1) -> 46121 | C72: ITF: Wishlist PO - møde | G72: m
A73: =+IF(WEEKDAY(B73)=2,(many!B73-par!$B$5+par!$K$6)/7+1,"") | B73: =+B72+IF(WEEKDAY(B72)=6,3,1) -> 46122 | C73: Wishlist - projektvejledning
B74: Projektarbejde
A75: =+IF(WEEKDAY(B75)=2,(many!B75-par!$B$5+par!$K$6)/7+1,"") -> 16 | B75: =+B73+IF(WEEKDAY(B73)=6,3,1) -> 46125 | C75: Wishlist - projektvejledning | E75: x | I75: x | L75: ?
A76: =+IF(WEEKDAY(B76)=2,(many!B76-par!$B$5+par!$K$6)/7+1,"") | B76: =+B75+IF(WEEKDAY(B75)=6,3,1) -> 46126 | C76: Wishlist - projektvejledning
A77: =+IF(WEEKDAY(B77)=2,(many!B77-par!$B$5+par!$K$6)/7+1,"") | B77: =+B76+IF(WEEKDAY(B76)=6,3,1) -> 46127 | C77: Check-in/vejledning på Wishlist | I77: x | L77: Online
A78: =+IF(WEEKDAY(B78)=2,(many!B78-par!$B$5+par!$K$6)/7+1,"") | B78: =+B77+IF(WEEKDAY(B77)=6,3,1) -> 46128 | C78: ITF: projektvejledning | G78: m
A79: =+IF(WEEKDAY(B79)=2,(many!B79-par!$B$5+par!$K$6)/7+1,"") | B79: =+B78+IF(WEEKDAY(B78)=6,3,1) -> 46129 | C79: Wishlist - projektvejledning
B80: Projektarbejde
A81: =+IF(WEEKDAY(B81)=2,(many!B81-par!$B$5+par!$K$6)/7+1,"") -> 17 | B81: =+B79+IF(WEEKDAY(B79)=6,3,1) -> 46132 | C81: Readme og contribute | E81: x | I81: x
A82: =+IF(WEEKDAY(B82)=2,(many!B82-par!$B$5+par!$K$6)/7+1,"") | B82: =+B81+IF(WEEKDAY(B81)=6,3,1) -> 46133 | C82: Usability test
A83: =+IF(WEEKDAY(B83)=2,(many!B83-par!$B$5+par!$K$6)/7+1,"") | B83: =+B82+IF(WEEKDAY(B82)=6,3,1) -> 46134 | C83: Wishlist - projektvejledning | I83: x | L83: Online Aflevering af miniprojekt
A84: =+IF(WEEKDAY(B84)=2,(many!B84-par!$B$5+par!$K$6)/7+1,"") | B84: =+B83+IF(WEEKDAY(B83)=6,3,1) -> 46135 | C84: ITF: Fremlæggelse | G84: m
A85: =+IF(WEEKDAY(B85)=2,(many!B85-par!$B$5+par!$K$6)/7+1,"") | B85: =+B84+IF(WEEKDAY(B84)=6,3,1) -> 46136 | C85: Afslutning Wishlist-projekt: eksamenstræning & retrospective | L85: Igangsæt gruppedannelse til eksamensprojkekt
B86: Eksamensprojekt
B87: Projektstart
A88: =+IF(WEEKDAY(B88)=2,(many!B88-par!$B$5+par!$K$6)/7+1,"") -> 18 | B88: =+B85+IF(WEEKDAY(B85)=6,3,1) -> 46139 | C88: Wishlist projekt feedback fortsat (eksamenstræning) | E88: x | I88: x | L88: Mandag eftermiddag: deadline for gruppedannelse eksamensprojekt
A89: =+IF(WEEKDAY(B89)=2,(many!B89-par!$B$5+par!$K$6)/7+1,"") | B89: =+B88+IF(WEEKDAY(B88)=6,3,1) -> 46140 | C89: Repetition
A90: =+IF(WEEKDAY(B90)=2,(many!B90-par!$B$5+par!$K$6)/7+1,"") | B90: =+B89+IF(WEEKDAY(B89)=6,3,1) -> 46141 | C90: Præsentation af eksamensprojekt (Sprint 0) | I90: x | L90: Samlæst, med præsentation fra AlphaSolutions
A91: =+IF(WEEKDAY(B91)=2,(many!B91-par!$B$5+par!$K$6)/7+1,"") | B91: =+B90+IF(WEEKDAY(B90)=6,3,1) -> 46142 | C91: ITF: PO-møde | G91: m
A92: =+IF(WEEKDAY(B92)=2,(many!B92-par!$B$5+par!$K$6)/7+1,"") | B92: =+B91+IF(WEEKDAY(B91)=6,3,1) -> 46143 | C92: Eksamensprojekt - sprint 1
B93: Projektarbejde
A94: =+IF(WEEKDAY(B94)=2,(many!B94-par!$B$5+par!$K$6)/7+1,"") -> 19 | B94: =+B92+IF(WEEKDAY(B92)=6,3,1) -> 46146 | C94: Rapport, præsentation, eksamination | E94: x | I94: x
A95: =+IF(WEEKDAY(B95)=2,(many!B95-par!$B$5+par!$K$6)/7+1,"") | B95: =+B94+IF(WEEKDAY(B94)=6,3,1) -> 46147 | C95: ITF: projektvejledning | G95: m
A96: =+IF(WEEKDAY(B96)=2,(many!B96-par!$B$5+par!$K$6)/7+1,"") | B96: =+B95+IF(WEEKDAY(B95)=6,3,1) -> 46148 | C96: Eksamensprojekt - statusmøde | I96: x | L96: Online
A97: =+IF(WEEKDAY(B97)=2,(many!B97-par!$B$5+par!$K$6)/7+1,"") | B97: =+B96+IF(WEEKDAY(B96)=6,3,1) -> 46149 | C97: ITF: PO-møde | G97: m
A98: =+IF(WEEKDAY(B98)=2,(many!B98-par!$B$5+par!$K$6)/7+1,"") | B98: =+B97+IF(WEEKDAY(B97)=6,3,1) -> 46150 | C98: Eksamensprojekt - sprint 1
B99: Projektarbejde
A100: =+IF(WEEKDAY(B100)=2,(many!B100-par!$B$5+par!$K$6)/7+1,"") -> 20 | B100: =+B98+IF(WEEKDAY(B98)=6,3,1) -> 46153 | C100: Eksamensprojekt - sprint 1 | E100: x | I100: x
...

Sheet Sheet3
